﻿{"inkVersion":20,"root":[[{"->":"main"},["done",{"#f":5,"#n":"g-0"}],null],"done",{"main":[["^Which pokemon do you choose?","\n","ev","str","^Charmander","/str","/ev",{"*":".^.c-0","flg":4},"ev","str","^Bulbasaur","/str","/ev",{"*":".^.c-1","flg":4},{"c-0":["\n","ev","str","^Charmander","/str","/ev",{"->":"chosen"},{"#f":5}],"c-1":["\n","ev","str","^Bulbasaur","/str","/ev",{"->":"chosen"},{"#f":5}]}],{"#f":1}],"chosen":[{"temp=":"pokemon"},"^you chose ","ev",{"VAR?":"pokemon"},"out","/ev","^!","\n","end",{"#f":1}],"#f":1}],"listDefs":{}}