﻿{"inkVersion":20,"root":[[{"->":"main"},["done",{"#f":5,"#n":"g-0"}],null],"done",{"main":[["^Hello Sir, Im sure I don't need to express our sadness of you leaving us, as im sure you are well aware we are sad to see you go, however it is business as usual for us.","\n","^Some researchers have come to us with a concern over invasive species threathening the local fauna in our river and have asked us to help them resolve this issue.They want to try dump some chemicals into the river to drive away the invaders, they are unsure how this will go, should we help them?","\n","ev","str","^Help them","/str","/ev",{"*":".^.c-0","flg":4},"ev","str","^Dont help","/str","/ev",{"*":".^.c-1","flg":4},{"c-0":["\n","ev","str","^Help researchers","/str","/ev",{"->":"chosen"},{"#f":5}],"c-1":["\n","ev","str","^Don't help them","/str","/ev",{"->":"chosen"},{"#f":5}]}],{"#f":1}],"chosen":[{"temp=":"choice"},"^Very well, we will go with your option of ","ev",{"VAR?":"choice"},"out","/ev","^.","\n","end",{"#f":1}],"#f":1}],"listDefs":{}}