﻿{"inkVersion":20,"root":[[{"->":"main"},["done",{"#f":5,"#n":"g-0"}],null],"done",{"main":[["^Hello Sir, It seems helping those researchers proved to be beneficial for our companies name, but it also opened a new opportunity to us. Since we have already used the river for chemicals, we could start using the river to dump some of the excess waste we have, since we are running out of storage. Or we could spend money to upgrade the storage facility, which would you advise?","\n","ev","str","^Dump in river","/str","/ev",{"*":".^.c-0","flg":4},"ev","str","^Upgrade Storage","/str","/ev",{"*":".^.c-1","flg":4},{"c-0":["\n","ev","str","^Dump in the River","/str","/ev",{"->":"chosen"},{"#f":5}],"c-1":["\n","ev","str","^Upgrade storage","/str","/ev",{"->":"chosen"},{"#f":5}]}],{"#f":1}],"chosen":[{"temp=":"choice2"},"^Very well, we will go with your option of ","ev",{"VAR?":"choice2"},"out","/ev","^.","\n","end",{"#f":1}],"#f":1}],"listDefs":{}}