﻿{"inkVersion":20,"root":[[{"->":"main"},["done",{"#f":5,"#n":"g-0"}],null],"done",{"main":[["^Hello sir, while your decision to dispose of excess waste in the nearby river did cause setbacks in production, we will let you know if any further issues arise and respect your decision.","\n","^Now for another project. we have heard there is a large demand for work and we are more than willing to build a new training center. This means however that a portion of the park will need to be destroyed for us to be able to construct this, what do you recommend?","\n","ev","str","^Build it","/str","/ev",{"*":".^.c-0","flg":4},"ev","str","^Don't build the building","/str","/ev",{"*":".^.c-1","flg":4},{"c-0":["\n","ev","str","^Build training center","/str","/ev",{"->":"chosen"},{"#f":5}],"c-1":["\n","ev","str","^Preserve the Park","/str","/ev",{"->":"chosen"},{"#f":5}]}],{"#f":1}],"chosen":[{"temp=":"choice3"},"^Very well, we will go with your option of ","ev",{"VAR?":"choice3"},"out","/ev","^.","\n","end",{"#f":1}],"#f":1}],"listDefs":{}}