﻿{"inkVersion":20,"root":[["^When I was fishing last month, and I noticed an unusual amount of wild critters in the water, and a lack of the usual fish we usually have here. I assume you knew about it too? since some researchers approached your company for some help and you declined it.","\n","^Just because you own some of the land here doesnt mean this isnt your problem too you know. Let us just hope that the wild critters move on after some time.","\n",["done",{"#f":5,"#n":"g-0"}],null],"done",{"#f":1}],"listDefs":{}}