﻿{"inkVersion":20,"root":[[{"->":"main"},["done",{"#f":5,"#n":"g-0"}],null],"done",{"main":[["^Hello sir, we took action and proceeded not to aid the wildlife researchers with their invasive species problem, however from their request for help has given us an idea.You see our wastage and disposal unit can not keep up with the wastage, so we are proposing dumping some of the wastage in the river, or we can spend some money to make upgrades where need be. It will be costly though.","\n","ev","str","^Dump in river","/str","/ev",{"*":".^.c-0","flg":4},"ev","str","^Upgrade Storage","/str","/ev",{"*":".^.c-1","flg":4},{"c-0":["\n","ev","str","^Dump in the River","/str","/ev",{"->":"chosen"},{"#f":5}],"c-1":["\n","ev","str","^Upgrade storage","/str","/ev",{"->":"chosen"},{"#f":5}]}],{"#f":1}],"chosen":[{"temp=":"choice2"},"^Very well, we will go with your option of ","ev",{"VAR?":"choice2"},"out","/ev","^.","\n","end",{"#f":1}],"#f":1}],"listDefs":{}}