﻿{"inkVersion":20,"root":[[{"->":"main"},["done",{"#f":5,"#n":"g-0"}],null],"done",{"main":[["^Hello sir, we have gained the necessary requirements needed to construct new training facilities within a portion of park grounds, as per request.","\n","^We have another new proposition for you to take into consideration. Due to inflation, outsourcing products has become incredibly expensive, we will need to increase prices to compensate for this.","\n","^Another possibility is that we could source cheaper resources from another source, unfortunately effectiveness of the product could no longer be guaranteed, which we should avoid being transparent about to consumers. Awaiting your response.","\n","ev","str","^Increase Prices","/str","/ev",{"*":".^.c-0","flg":4},"ev","str","^Outsource","/str","/ev",{"*":".^.c-1","flg":4},{"c-0":["\n","ev","str","^Increase Prices","/str","/ev",{"->":"chosen"},{"#f":5}],"c-1":["\n","ev","str","^Outsource","/str","/ev",{"->":"chosen"},{"#f":5}]}],{"#f":1}],"chosen":[{"temp=":"choice4"},"^Very well, we will go with your option of ","ev",{"VAR?":"choice4"},"out","/ev","^.","\n","end",{"#f":1}],"#f":1}],"listDefs":{}}