﻿{"inkVersion":20,"root":[[{"->":"main"},["done",{"#f":5,"#n":"g-0"}],null],"done",{"main":[["^Hello sir, well it seems your time with us is over now. We would like to formally thank you for your services to us. There were times when we did not see eye to eye on matters, however that is fine.","\n","^For now we wish you the best in your future and hope you are satisfied with the choices you have made.","\n","ev","str","^Thank you","/str","/ev",{"*":".^.c-0","flg":4},"ev","str","^Goodbye","/str","/ev",{"*":".^.c-1","flg":4},{"c-0":["\n","ev","str","^Thank you","/str","/ev",{"->":"chosen"},{"#f":5}],"c-1":["\n","ev","str","^Goodbye","/str","/ev",{"->":"chosen"},{"#f":5}]}],{"#f":1}],"chosen":[{"temp=":"farewell"},"^Very well, we will go with your option of ","ev",{"VAR?":"farewell"},"out","/ev","^.","\n","end",{"#f":1}],"#f":1}],"listDefs":{}}